{"mean":{"confidence_interval":{"confidence_level":0.95,"lower_bound":39596921375.25,"upper_bound":40122858770.0},"point_estimate":39852040230.0,"standard_error":134804541.90370524},"median":{"confidence_interval":{"confidence_level":0.95,"lower_bound":39621801000.0,"upper_bound":40086752500.0},"point_estimate":39779953100.0,"standard_error":115058748.47089581},"median_abs_dev":{"confidence_interval":{"confidence_level":0.95,"lower_bound":70970578.14002037,"upper_bound":767780408.449173},"point_estimate":247591897.57436514,"standard_error":183677177.07314676},"slope":null,"std_dev":{"confidence_interval":{"confidence_level":0.95,"lower_bound":171079111.18012333,"upper_bound":613129949.0311437},"point_estimate":449673093.2020012,"standard_error":111093679.3979074}}