{"mean":{"confidence_interval":{"confidence_level":0.95,"lower_bound":97600011990.0,"upper_bound":99595666620.0},"point_estimate":98538031120.0,"standard_error":508816191.4743344},"median":{"confidence_interval":{"confidence_level":0.95,"lower_bound":97379315100.0,"upper_bound":99900042400.0},"point_estimate":97850014800.0,"standard_error":643166495.4458929},"median_abs_dev":{"confidence_interval":{"confidence_level":0.95,"lower_bound":120151087.94689178,"upper_bound":2644659164.367914},"point_estimate":993295502.8554797,"standard_error":697204791.4843935},"slope":null,"std_dev":{"confidence_interval":{"confidence_level":0.95,"lower_bound":687909277.0725092,"upper_bound":2105308549.033137},"point_estimate":1696135978.3567548,"standard_error":344343697.67578137}}